"wl";"level";"skills";"xp";"uber";"melee";"ranged";"nmagic";"cmagic";"strength";"dexterity";"intelligence";"title"
;"5";"melee";"3350";"5";"5";"0";"0";"0";"3.2";"1.35";"0.45";"Soldier"
;"10";"melee";"17100";"10";"10";"0";"0";"0";"6.4";"2.7";"0.9";"Soldier"
;"15";"melee";"49191";"15";"15";"0";"0";"0";"9.6";"4.05";"1.35";"Warrior"
;"20";"melee";"111190";"20";"20";"0";"0";"0";"12.8";"5.4";"1.8";"Knight"
;"25";"melee";"236338";"25";"25";"0";"0";"0";"16.0";"6.75";"2.25";"Knight"
;"30";"melee";"497766";"30";"30";"0";"0";"0";"19.2";"8.1";"2.7";"Knight"
;"35";"melee";"1046855";"35";"35";"0";"0";"0";"22.4";"9.45";"3.15";"Knight"
;"40";"melee";"2200128";"40";"40";"0";"0";"0";"25.6";"10.8";"3.6";"Knight"
;"45";"melee";"4622395";"45";"45";"0";"0";"0";"28.8";"12.15";"4.05";"Knight"
;"50";"melee";"9709985";"50";"50";"0";"0";"0";"32.0";"13.5";"4.5";"Champion"
;"60";"melee";"42839232";"60";"60";"0";"0";"0";"38.4";"16.2";"5.4";"Champion"
;"80";"melee";"1798421306";"80";"80";"0";"0";"0";"51.2";"21.6";"7.2";"Champion"
;"100";"melee";"103456737421";"100";"100";"0";"0";"0";"64.0";"27.0";"9.0";"Grand Champion"
;"120";"melee";"5990058900910";"120";"120";"0";"0";"0";"76.8";"32.4";"10.8";"Grand Champion"
;"150";"melee";"2639446640557650";"150";"150";"0";"0";"0";"96.0";"40.5";"13.5";"Grand Champion"
;"5";"ranged";"3350";"5";"0";"5";"0";"0";"1.25";"3.1";"0.65";"Archer"
;"10";"ranged";"17100";"10";"0";"10";"0";"0";"2.5";"6.2";"1.3";"Archer"
;"15";"ranged";"49191";"15";"0";"15";"0";"0";"3.75";"9.3";"1.95";"Marksman"
;"20";"ranged";"111190";"20";"0";"20";"0";"0";"5.0";"12.4";"2.6";"Sharpshooter"
;"25";"ranged";"236338";"25";"0";"25";"0";"0";"6.25";"15.5";"3.25";"Sharpshooter"
;"30";"ranged";"497766";"30";"0";"30";"0";"0";"7.5";"18.6";"3.9";"Sharpshooter"
;"35";"ranged";"1046855";"35";"0";"35";"0";"0";"8.75";"21.7";"4.55";"Sharpshooter"
;"40";"ranged";"2200128";"40";"0";"40";"0";"0";"10.0";"24.8";"5.2";"Sharpshooter"
;"45";"ranged";"4622395";"45";"0";"45";"0";"0";"11.25";"27.9";"5.85";"Sharpshooter"
;"50";"ranged";"9709985";"50";"0";"50";"0";"0";"12.5";"31.0";"6.5";"Master Sharpshooter"
;"60";"ranged";"42839232";"60";"0";"60";"0";"0";"15.0";"37.2";"7.8";"Master Sharpshooter"
;"80";"ranged";"1798421306";"80";"0";"80";"0";"0";"20.0";"49.6";"10.4";"Master Sharpshooter"
;"100";"ranged";"103456737421";"100";"0";"100";"0";"0";"25.0";"62.0";"13.0";"Grandmaster Sharpshooter"
;"120";"ranged";"5990058900910";"120";"0";"120";"0";"0";"30.0";"74.4";"15.6";"Grandmaster Sharpshooter"
;"150";"ranged";"2639446640557650";"150";"0";"150";"0";"0";"37.5";"93.0";"19.5";"Grandmaster Sharpshooter"
;"5";"nmagic";"3350";"5";"0";"0";"5";"0";"0.45";"0.9";"3.65";"Theurgist"
;"10";"nmagic";"17100";"10";"0";"0";"10";"0";"0.9";"1.8";"7.3";"Theurgist"
;"15";"nmagic";"49191";"15";"0";"0";"15";"0";"1.35";"2.7";"10.95";"Magician"
;"20";"nmagic";"111190";"20";"0";"0";"20";"0";"1.8";"3.6";"14.6";"Grand Mage"
;"25";"nmagic";"236338";"25";"0";"0";"25";"0";"2.25";"4.5";"18.25";"Grand Mage"
;"30";"nmagic";"497766";"30";"0";"0";"30";"0";"2.7";"5.4";"21.9";"Grand Mage"
;"35";"nmagic";"1046855";"35";"0";"0";"35";"0";"3.15";"6.3";"25.55";"Grand Mage"
;"40";"nmagic";"2200128";"40";"0";"0";"40";"0";"3.6";"7.2";"29.2";"Grand Mage"
;"45";"nmagic";"4622395";"45";"0";"0";"45";"0";"4.05";"8.1";"32.85";"Grand Mage"
;"50";"nmagic";"9709985";"50";"0";"0";"50";"0";"4.5";"9.0";"36.5";"Arch Mage"
;"60";"nmagic";"42839232";"60";"0";"0";"60";"0";"5.4";"10.8";"43.8";"Arch Mage"
;"80";"nmagic";"1798421306";"80";"0";"0";"80";"0";"7.2";"14.4";"58.4";"Arch Mage"
;"100";"nmagic";"103456737421";"100";"0";"0";"100";"0";"9.0";"18.0";"73.0";"Supreme Arch Mage"
;"120";"nmagic";"5990058900910";"120";"0";"0";"120";"0";"10.8";"21.6";"87.6";"Supreme Arch Mage"
;"150";"nmagic";"2639446640557650";"150";"0";"0";"150";"0";"13.5";"27.0";"109.5";"Supreme Arch Mage"
;"5";"cmagic";"3350";"5";"0";"0";"0";"5";"0.65";"0.85";"3.5";"Hedge Wizard"
;"10";"cmagic";"17100";"10";"0";"0";"0";"10";"1.3";"1.7";"7.0";"Hedge Wizard"
;"15";"cmagic";"49191";"15";"0";"0";"0";"15";"1.95";"2.55";"10.5";"Wizard"
;"20";"cmagic";"111190";"20";"0";"0";"0";"20";"2.6";"3.4";"14.0";"Sorcerer"
;"25";"cmagic";"236338";"25";"0";"0";"0";"25";"3.25";"4.25";"17.5";"Sorcerer"
;"30";"cmagic";"497766";"30";"0";"0";"0";"30";"3.9";"5.1";"21.0";"Sorcerer"
;"35";"cmagic";"1046855";"35";"0";"0";"0";"35";"4.55";"5.95";"24.5";"Sorcerer"
;"40";"cmagic";"2200128";"40";"0";"0";"0";"40";"5.2";"6.8";"28.0";"Sorcerer"
;"45";"cmagic";"4622395";"45";"0";"0";"0";"45";"5.85";"7.65";"31.5";"Sorcerer"
;"50";"cmagic";"9709985";"50";"0";"0";"0";"50";"6.5";"8.5";"35.0";"Grand Sorcerer"
;"60";"cmagic";"42839232";"60";"0";"0";"0";"60";"7.8";"10.2";"42.0";"Grand Sorcerer"
;"80";"cmagic";"1798421306";"80";"0";"0";"0";"80";"10.4";"13.6";"56.0";"Grand Sorcerer"
;"100";"cmagic";"103456737421";"100";"0";"0";"0";"100";"13.0";"17.0";"70.0";"Grand High Sorcerer"
;"120";"cmagic";"5990058900910";"120";"0";"0";"0";"120";"15.6";"20.4";"84.0";"Grand High Sorcerer"
;"150";"cmagic";"2639446640557650";"150";"0";"0";"0";"150";"19.5";"25.5";"105.0";"Grand High Sorcerer"
