lvl;skill
5;melee
10;melee
15;melee
20;melee
25;melee
30;melee
35;melee
40;melee
45;melee
50;melee
60;melee
80;melee
100;melee
150;melee
5;ranged
10;ranged
15;ranged
20;ranged
25;ranged
30;ranged
35;ranged
40;ranged
45;ranged
50;ranged
60;ranged
80;ranged
100;ranged
150;ranged
5;nmagic
10;nmagic
15;nmagic
20;nmagic
25;nmagic
30;nmagic
35;nmagic
40;nmagic
45;nmagic
50;nmagic
60;nmagic
80;nmagic
100;nmagic
150;nmagic
5;cmagic
10;cmagic
15;cmagic
20;cmagic
25;cmagic
30;cmagic
35;cmagic
40;cmagic
45;cmagic
50;cmagic
60;cmagic
80;cmagic
100;cmagic
150;cmagic
